plant,nr1,nr1LR,angle1,nr2,nr2LR,angle2,nr3,nr3LR,angle3,nr4,nr4LR,angle4,nr5,nr5LR,angle5,nr6,nr6LR,angle6,nr7,nr7LR,angle7,nr8,nr8LR,angle8,nr9,nr9LR,angle9,nr10,nr10LR,angle10,nr11,nr11LR,angle11,site,date 
L1,F,L,13,F,L,,,,,,,,,,,,,,,,,,,,,,,,,,,,,BV1a,30 August
L2,F,R,12,F,R,11,F,L,,,,,,,,,,,,,,,,,,,,,,,,,,BV1a,30 August
L3,B,L,10,F,L,13,S,U,12,F,R,,,,,,,,,,,,,,,,,,,,,,,BV1a,30 August
L4,B,LU,6,B,R,6,F,R,6,F,L,,,,,,,,,,,,,,,,,,,,,,,BV1a,30 August
L5,B,U,6,B,LU,6,B,LU,12,B,RU,12,F,L,12,F,L,4,G,U,5,G,U,9,G,U,,,,,,,,BV1a,30 August
L6,F,R,14,F,R,,,,,,,,,,,,,,,,,,,,,,,,,,,,,BV1a,30 August
L7,B,R,7,B,R,7,F,R,7,F,L,7,F,L,7,S,U,6,S,U,,,,,,,,,,,,,,BV1a,30 August
L8,B,U,6,F,L,6,F,L,,,,,,,,,,,,,,,,,,,,,,,,,,BV2a,30 August
L9,B,L,7,F,L,7,F,L,7,S,U,12,S,U,5,F,L,5,S,U,5,S,U,,,,,,,,,,,BV2a,30 August
L10,B,U,5,B,R,7,F,R,7,F,R,7,F,R,6,S,U,7,S,U,12,G,U,,,,,,,,,,,BV2a,30 August
L11,B,RU,6,F,L,7,F,L,4,G,U,,,,,,,,,,,,,,,,,,,,,,,BV2a,30 August
L12,B,R,14,F,R,13,F,R,,,,,,,,,,,,,,,,,,,,,,,,,,BV2a,30 August
L13,B,L,13,F,L,11,G,U,,,,,,,,,,,,,,,,,,,,,,,,,,BV2a,30 August
L14,B,L,12,B,L,5,F,L,10,P,U,,,,,,,,,,,,,,,,,,,,,,,BV2a,30 August
L15,B,L,4,F,L,7,F,L,5,P,U,13,P,U,11,P,U,,,,,,,,,,,,,,,,,BV2a,30 August
L16,B,R,14,F,R,12,F,R,13,P,U,,,,,,,,,,,,,,,,,,,,,,,BV2a,30 August
L17,B,LU,11,B,L,14,B,L,14,F,L,13,F,L,8,G,U,8,G,U,,,,,,,,,,,,,,BV2a,30 August
L18,B,L,10,B,L,12,F,L,7,F,L,,,,,,,,,,,,,,,,,,,,,,,BV2a,30 August
L19,B,R,4,B,R,5,B,R,10,F,R,5,F,R,5,F,R,13,P,U,5,S,U,,,,,,,,,,,BV2a,30 August
E1,B,R,8,F,R,7,F,R,7,X,U,,,,,,,,,,,,,,,,,,,,,,,BV2X,29 August
E2,B,L,11,F,L,11,F,L,,,,,,,,,,,,,,,,,,,,,,,,,,BV2X,29 August
E3,B,U,12,F,L,11,F,L,11,FS,R,10,V,U,,,,,,,,,,,,,,,,,,,,BV2X,29 August
E4,B,U,12,B,RU,11,B,L,10,F,L,11,F,L,11,F,L,11,S,U,11,S,U,11,S,U,11,V,U,11,V,U,-1,BV2X,29 August
E6,B,U,7,B,RU,7,B,R,6,F,R,7,F,R,,,,,,,,,,,,,,,,,,,,BV2X,29 August
E7,B,R,7,F,R,7,F,R,7,F,R,,,,,,,,,,,,,,,,,,,,,,,BV1a,30 August
E8,B,R,7,F,R,7,F,R,7,F,R,8,V,U,6,V,U,,,,,,,,,,,,,,,,,BV1a,30 August
E9,B,U,11,B,L,11,F,L,11,F,L,11,F,L,11,V,U,11,V,U,,,,,,,,,,,,,,BV1a,30 August
E10,B,LU,7,B,L,8,B,L,7,F,R,6,F,R,7,F,L,7,F,L,7,F,L,7,V,U,7,V,U,7,V,U,-1,BV1a,30 August
E11,F,R,6,F,R,7,F,R,6,V,U,7,V,U,,,,,,,,,,,,,,,,,,,,BV1a,30 August
E12,B,RU,8,B,R,7,F,R,6,F,U,7,V,U,,,,,,,,,,,,,,,,,,,,BV1a,30 August
E14,B,U,10,B,L,11,F,L,11,F,L,10,V,U,10,V,U,,,,,,,,,,,,,,,,,BV2a,30 August
E15,F,R,8,F,R,7,V,U,6,V,U,,,,,,,,,,,,,,,,,,,,,,,BV2a,30 August
E16,F,R,7,F,R,7,V,U,6,V,U,,,,,,,,,,,,,,,,,,,,,,,BV2a,30 August
E17,F,R,7,F,R,7,V,U,6,V,U,,,,,,,,,,,,,,,,,,,,,,,BV2a,30 August
E18,B,RU,6,F,R,6,F,R,7,G,U,7,P,U,6,V,U,7,V,U,,,,,,,,,,,,,,BV2a,30 August
E19,N,U,12,F,R,9.5,F,L,12,V,U,11,V,U,,,,,,,,,,,,,,,,,,,,BV2a,30 August
E20,N,U,-1,F,L,10,F,L,11,V,U,11,V,U,,,,,,,,,,,,,,,,,,,,BV2a,30 August
E21,F,L,9,F,R,11,V,U,12,V,U,,,,,,,,,,,,,,,,,,,,,,,BV2a,30 August
E22,B,L,12,F,L,10,F,L,10,G,U,11,P,U,11,V,U,11,V,U,,,,,,,,,,,,,,BV2a,30 August
E23,B,R,7,FS,R,7,FS,R,6,V,U,7,V,U,,,,,,,,,,,,,,,,,,,,BV3a,1 September
E24,N,U,107,B,U,7,B,R,7,G,U,7,F,R,7,F,L,7,FS,R,7,S,U,7,V,U,7,V,U,,,,,BV3a,1 September
E25,N,U,11,F,L,11,F,L,12,V,U,11,V,U,,,,,,,,,,,,,,,,,,,,BV3a,1 September
E26,N,U,-1,B,U,11,B,L,12,FS,U,11,FS,L,12,FS,L,11,V,U,11,V,U,,,,,,,,,,,BV1b,1 September
E27,B,U,11,B,U,11,B,L,10,F,L,10,F,L,11,S,U,11,V,U,10,V,U,,,,,,,,,,,BV3a,1 September
E28,F,RX,12,FS,L,12,S,U,11,V,U,11,V,U,,,,,,,,,,,,,,,,,,,,BV3a,1 September
E29,B,U,7,B,U,7,B,R,7,FS,R,7,P,U,8,V,U,7,V,U,,,,,,,,,,,,,,BV3a,1 September
E30,B,U,111,B,U,111,B,L,111,B,L,11,F,L,11,F,L,11,F,L,11,FS,L,12,G,U,11,V,U,11,V,U,,BV3a,1 September
E31,B,U,111,B,U,111,B,U,111,B,L,11,B,L,11,F,L,10,F,L,11,F,L,11,F,L,10,G,U,,,,,BV3a,1 September
E32,B,U,8,B,U,7,B,R,7,F,R,7,F,R,7,G,U,7,V,U,7,V,U,,,,,,,,,,,BV3a,1 September
E33,B,U,11,B,L,11,FS,L,10,FS,L,11,S,U,11,V,U,10,V,U,,,,,,,,,,,,,,BV3a,1 September
E34,B,R,8,F,R,7,F,R,7,V,U,7,V,U,,,,,,,,,,,,,,,,,,,,BV3a,1 September
E35,B,L,11,FS,L,11,FS,L,11,S,U,11,V,U,11,V,U,11,,,,,,,,,,,,,,,,BV3a,1 September
E36,B,U,7,B,U,7,B,R,7,FS,R,7,FS,L,7,V,U,7,V,U,,,,,,,,,,,,,,BV3a,1 September
E37,B,L,11,FS,U,11,FS,L,11,V,U,11,V,U,,,,,,,,,,,,,,,,,,,,BV3a,1 September
E38,B,RU,7,FS,R,7,FS,R,7,V,U,6,V,U,,,,,,,,,,,,,,,,,,,,BV3a,1 September
E39,B,U,11,B,L,11,FS,L,11,FS,L,11,V,U,11,V,U,,,,,,,,,,,,,,,,,BV3a,1 September
E40,N,U,111,B,L,11,FS,LU,11,S,U,11,V,U,11,V,U,,,,,,,,,,,,,,,,,BV3a,1 September
E41,B,R,7,FS,R,7,FS,R,7,V,U,7,V,U,,,,,,,,,,,,,,,,,,,,BV3a,1 September
E42,B,R,7,B,R,7,FS,U,7,FS,U,8,FS,R,7,V,U,7,V,U,,,,,,,,,,,,,,BV3a,1 September
E43,F,L,12,FS,L,11,FS,L,11,V,U,11,V,U,,,,,,,,,,,,,,,,,,,,BV1b,1 September
E44,B,RU,6,F,L,7,FS,R,1,V,U,6,V,U,,,,,,,,,,,,,,,,,,,,BV1b,1 September
E45,B,U,6,F,R,7,FS,R,7,FS,R,7,S,U,7,V,U,7,V,U,,,,,,,,,,,,,,BV1b,1 September
E46,B,R,8,F,R,7,G,U,6,S,U,7,V,U,6,V,U,,,,,,,,,,,,,,,,,BV1b,1 September
E47,F,L,11,FS,L,11,S,U,11,V,U,11,V,U,,,,,,,,,,,,,,,,,,,,BV1b,1 September
E48,B,U,7,B,L,7,B,L,7,F,L,7,F,L,7,FS,L,6,FS,U,7,FS,L,8,V,U,7,V,U,7,V,U,,BV1bx,1 September
E49,B,L,107,F,R,107,FS,U,107,FS,U,107,FS,R,107,V,U,107,V,U,,,,,,,,,,,,,,BV1bx,1 September
E50,B,L,111,B,R,111,F,R,111,FS,L,12,FS,U,11,FS,L,11,G,U,10,S,U,11,V,U,12,V,U,,,,,BV1bx,1 September
E51,B,U,111,F,L,111,F,L,111,FS,L,111,FS,LU,111,FS,L,111,S,U,111,G,U,111,V,U,111,V,U,,,,,BV1bx,1 September
E52,B,R,107,F,R,107,FS,U,107,FS,R,107,FS,R,107,V,U,107,V,U,,,,,,,,,,,,,,BV1bx,1 September
M1,B,LU,13,F,L,13,F,L,12,F,L,12,F,L,4,FS,RU,,,,,,,,,,,,,,,,,BV1a,30 August
M2,B,RU,6,B,R,4,F,R,6,F,R,6,F,R,4,F,R,6,F,R,,,,,,,,,,,,,,BV1a,30 August
M3,B,U,11,B,L,11,F,L,11,F,L,,,,,,,,,,,,,,,,,,,,,,,BV1a,30 August
M4,B,L,13,F,L,11,F,L,,,,,,,,,,,,,,,,,,,,,,,,,,BV1a,30 August
M5,F,L,13,F,L,10,FS,L,,,,,,,,,,,,,,,,,,,,,,,,,,BV1a,30 August
M6,B,U,4,F,R,5,F,R,7,F,R,13,S,U,11,S,U,,,,,,,,,,,,,,,,,BV1a,30 August
M7,F,L,10,F,L,,,,,,,,,,,,,,,,,,,,,,,,,,,,,BV1a,30 August
M8,F,R,6,F,R,5,F,R,7,F,R,7,P,U,7,P,U,7,P,U,,,,,,,,,,,,,,BV1a,30 August
M10,B,U,7,F,L,7,F,R,7,F,R,7,F,R,7,FS,R,,,,,,,,,,,,,,,,,BV2a,30 August
M11,B,R,5,F,R,6,F,R,6,F,R,7,S,U,,,,,,,,,,,,,,,,,,,,BV2a,30 August
M12,B,RU,11,B,U,11,F,L,11,F,L,13,F,R,11,F,R,11,F,L,,,,,,,,,,,,,,BV2a,30 August
M13,B,L,11,F,L,7,F,L,12,S,U,12,P,U,,,,,,,,,,,,,,,,,,,,BV2a,30 August
M14,B,L,12,F,L,7,F,L,6,P,U,7,F,L,6,G,U,,,,,,,,,,,,,,,,,BV2a,30 August
M15,B,R,7,B,R,7,F,R,7,F,R,,,,,,,,,,,,,,,,,,,,,,,BV2a,30 August
M16,B,L,13,F,L,13,F,L,10,FS,L,,,,,,,,,,,,,,,,,,,,,,,BV2a,30 August
M17,B,U,12,F,L,12,F,L,7,P,U,,,,,,,,,,,,,,,,,,,,,,,BV2a,30 August
M18,B,R,5,F,R,,,,,,,,,,,,,,,,,,,,,,,,,,,,,BV2a,30 August
M19,B,R,12,F,L,11,FS,LU,12,P,U,,,,,,,,,,,,,,,,,,,,,,,BV2a,30 August
M20,F,R,11,F,R,,,,,,,,,,,,,,,,,,,,,,,,,,,,,BV2a,30 August
M21,F,R,7,F,R,7,F,R,8,S,U,,,,,,,,,,,,,,,,,,,,,,,BV2a,30 August
A1,B,U,11,B,L,11,FS,L,10,FS,L,11,FS,L,11,FS,L,11,FS,L,10,P,U,11,V,U,11,V,U,,,,,BV1b,1 September
S1,B,R,7,F,R,6,F,R,6,V,U,7,V,U,,,,,,,,,,,,,,,,,,,,BV1b,1 September
S2,N,U,-1,N,U,-1,FS,L,13,FS,L,12,FS,RU,13,V,U,12,V,U,12,,,,,,,,,,,,,BV1b,1 September
C1,B,U,107,F,R,107,F,R,107,F,R,107,V,U,,,,,,,,,,,,,,,,,,,,BV1c,9 September
C2,B,U,111,F,L,111,F,L,111,F,L,111,S,U,111,S,U,111,V,U,,,,,,,,,,,,,,BV1c,9 September
C3,F,L,111,F,L,111,V,U,,,,,,,,,,,,,,,,,,,,,,,,,,BV1c,9 September
C4,B,U,111,F,L,111,F,L,111,F,L,111,S,U,111,V,U,,,,,,,,,,,,,,,,,BV1c,9 September
C5,B,U,111,F,L,111,F,L,111,F,L,111,F,L,111,G,U,111,G,U,111,V,U,,,,,,,,,,,BV1c,9 September
C6,B,U,111,F,L,111,F,L,111,G,U,111,G,U,111,V,U,,,,,,,,,,,,,,,,,BV1c,9 September
C7,B,U,111,B,U,111,F,L,111,F,L,111,G,U,111,V,U,,,,,,,,,,,,,,,,,BV1c,9 September
C8,B,U,107,G,U,107,F,R,107,F,R,107,G,U,107,V,U,,,,,,,,,,,,,,,,,BV1c,9 September
C9,B,U,111,B,U,111,F,L,111,F,L,111,V,U,,,,,,,,,,,,,,,,,,,,BV1c,9 September
C10,B,U,107,F,R,107,F,R,107,F,R,107,F,L,107,V,U,,,,,,,,,,,,,,,,,BV1c,9 September
C11,B,U,107,B,U,107,F,R,107,F,R,107,F,R,107,V,U,,,,,,,,,,,,,,,,,BV1c,9 September
C12,B,U,107,F,R,107,F,R,107,G,U,107,V,U,,,,,,,,,,,,,,,,,,,,BV1c,9 September
C13,B,U,111,F,L,111,V,U,,,,,,,,,,,,,,,,,,,,,,,,,,BV1c,9 September
C14,B,U,107,F,R,107,F,R,107,F,R,107,V,U,,,,,,,,,,,,,,,,,,,,BV1c,9 September
C15,B,U,107,B,U,107,F,R,107,F,R,107,G,U,107,V,U,,,,,,,,,,,,,,,,,BV1c,9 September
C16,B,U,107,F,R,107,F,R,107,F,R,107,G,U,107,G,U,107,G,U,107,V,U,,,,,,,,,,,BV1c,9 September
C17,B,U,107,B,U,107,B,U,107,F,R,107,V,U,,,,,,,,,,,,,,,,,,,,BV1c,9 September
C18,B,U,111,B,U,111,F,L,111,F,L,111,F,L,111,V,U,,,,,,,,,,,,,,,,,BV1c,9 September
C19,B,U,111,B,U,111,F,L,111,F,L,111,F,L,111,V,U,,,,,,,,,,,,,,,,,BV1c,9 September
C20,F,R,111,F,R,111,S,U,111,S,U,111,S,U,111,S,U,111,S,U,111,S,U,111,V,U,,,,,,,,BV1c,9 September
C21,B,U,107,B,U,107,F,R,107,F,R,107,F,R,107,F,R,107,V,U,,,,,,,,,,,,,,BV1c,9 September
C22,B,U,107,F,R,107,F,R,107,V,U,,,,,,,,,,,,,,,,,,,,,,,BV1c,9 September
C23,B,U,107,F,R,107,F,R,107,V,U,,,,,,,,,,,,,,,,,,,,,,,BV1c,9 September
C24,F,L,111,F,L,111,F,L,111,S,U,111,V,U,,,,,,,,,,,,,,,,,,,,BV1c,9 September
C25,B,U,107,F,M,107,G,U,107,V,U,,,,,,,,,,,,,,,,,,,,,,,BV1c,9 September
C26,B,U,111,F,L,111,F,L,111,F,L,111,S,U,111,S,U,111,S,U,111,V,U,,,,,,,,,,,BV1c,9 September
C27,B,U,107,F,R,107,G,U,107,G,U,107,V,U,,,,,,,,,,,,,,,,,,,,BV1c,9 September
C28,B,U,107,F,R,107,F,R,107,G,U,107,V,U,,,,,,,,,,,,,,,,,,,,BV1c,9 September
C29,B,U,107,B,U,107,B,U,107,F,R,107,F,R,107,G,U,107,G,U,107,G,U,107,G,U,107,G,U,107,V,U,,BV1c,9 September
C30,B,U,111,B,U,111,F,L,111,F,L,111,F,L,111,V,U,,,,,,,,,,,,,,,,,BV1c,9 September
E53,B,U,107,B,U,107,F,R,107,F,L,107,V,U,,,,,,,,,,,,,,,,,,,,BV1c,9 September
E54,B,U,111,F,L,111,F,L,111,V,U,,,,,,,,,,,,,,,,,,,,,,,BV1c,9 September
E55,B,U,107,B,U,107,F,R,107,F,R,107,V,U,,,,,,,,,,,,,,,,,,,,BV1c,9 September
E56,B,U,111,F,L,111,V,U,,,,,,,,,,,,,,,,,,,,,,,,,,BV1c,9 September
E57,B,U,111,F,L,111,F,L,111,V,U,,,,,,,,,,,,,,,,,,,,,,,BV1c,9 September
E58,B,U,111,F,L,111,F,L,111,V,U,,,,,,,,,,,,,,,,,,,,,,,BV1c,9 September
E59,B,U,107,B,U,107,B,U,107,B,U,107,B,U,107,B,U,107,G,U,107,F,R,107,F,R,107,V,U,,,,,BV1c,9 September
E60,B,U,107,F,R,107,F,R,107,S,U,107,V,U,,,,,,,,,,,,,,,,,,,,BV1c,9 September
E61,B,U,111,B,U,111,F,L,111,F,L,111,S,U,111,V,U,,,,,,,,,,,,,,,,,BV1c,9 September
E62,B,U,111,F,L,111,F,L,111,S,U,111,V,U,,,,,,,,,,,,,,,,,,,,BV1c,9 September
E63,B,U,107,F,R,107,V,U,,,,,,,,,,,,,,,,,,,,,,,,,,BV1c,9 September
E64,B,U,111,B,U,111,F,L,111,F,L,111,F,L,111,S,U,111,S,U,111,V,U,,,,,,,,,,,BV1c,9 September
E65,B,U,111,F,L,111,F,L,111,S,U,111,S,U,111,S,U,111,S,U,111,S,U,111,V,U,,,,,,,,BV1c,9 September
E66,B,U,107,F,R,107,V,U,,,,,,,,,,,,,,,,,,,,,,,,,,BV1c,9 September
E67,B,U,107,B,U,107,F,R,107,F,R,107,F,R,107,S,U,107,V,U,,,,,,,,,,,,,,BV1c,9 September
E68,B,U,107,F,R,107,F,R,107,F,R,107,V,U,,,,,,,,,,,,,,,,,,,,BV1c,9 September
E69,B,U,107,F,R,107,F,R,107,F,R,107,S,U,107,G,U,107,S,U,107,V,U,,,,,,,,,,,BV1c,9 September
E70,B,U,111,F,L,111,G,U,111,F,L,111,S,U,111,S,U,111,V,U,,,,,,,,,,,,,,BV1c,9 September
E71,F,L,111,S,U,111,G,U,111,P,U,111,V,U,,,,,,,,,,,,,,,,,,,,BV1c,9 September
E72,G,U,107,F,R,107,G,U,107,G,U,107,G,U,107,S,U,107,P,U,107,V,U,,,,,,,,,,,BV1c,9 September
E73,B,U,107,B,U,107,B,U,107,F,L,107,F,L,107,F,L,107,S,U,107,G,U,107,S,U,107,V,U,,,,,BV1c,9 September
E74,F,R,107,F,R,107,F,L,107,G,U,107,FS,LU,107,V,U,,,,,,,,,,,,,,,,,BV1c,9 September
E75,B,U,107,F,L,107,F,R,107,S,U,107,S,U,107,G,U,107,G,U,107,G,U,107,V,U,,,,,,,,BV1c,9 September
E76,B,U,107,F,R,107,F,R,107,F,RU,107,S,U,107,V,U,,,,,,,,,,,,,,,,,BV1c,9 September
E77,B,U,111,F,L,111,F,L,111,S,U,111,S,U,111,S,U,111,P,U,111,V,U,,,,,,,,,,,BV1c,9 September
